imageID,year,Month,countourSize,avg_length,width,height,cx,cy,area
Sentinel Data/DATA012019.tiff,2019,MAY,1167,5.86678832117,290,276,274,302,23830.0
Sentinel Data/DATA012018.tiff,2018,DEC,1504,37.7659574468,353,352,294,269,38516.0
Sentinel Data/DATA012017.tiff,2017,DEC,2911,4.90709623663,336,389,279,254,40137.5
Sentinel Data/DATA012016.tiff,2016,DEC,1783,4.90806945863,300,313,307,274,28435.5
